fold #,feature,weight,importance,dimension
0,R HG A,0.0711838053194984,6,A
1,R HG A,,6,A
2,R HG A,0.0530308437563736,6,A
3,R HG A,,6,A
4,R HG A,,6,A
5,R HG A,0.0659526369965674,6,A
6,R HG A,0.0787044300681327,6,A
7,R HG A,0.0716003682146635,6,A
8,R HG A,,6,A
9,R HG A,0.051341561068046,6,A
0,L InfCrInS T,0.0726144645637731,6,T
1,L InfCrInS T,,6,T
2,L InfCrInS T,0.0547349182088673,6,T
3,L InfCrInS T,0.0792927996173565,6,T
4,L InfCrInS T,0.0662252130643292,6,T
5,L InfCrInS T,,6,T
6,L InfCrInS T,0.0703725183481321,6,T
7,L InfCrInS T,0.0545392474263926,6,T
8,L InfCrInS T,,6,T
9,L InfCrInS T,,6,T
0,R InfCrInS T,0.1081204983115065,5,T
1,R InfCrInS T,,5,T
2,R InfCrInS T,0.0916031297012613,5,T
3,R InfCrInS T,,5,T
4,R InfCrInS T,0.0742858720512053,5,T
5,R InfCrInS T,0.1195035899951841,5,T
6,R InfCrInS T,,5,T
7,R InfCrInS T,,5,T
8,R InfCrInS T,,5,T
9,R InfCrInS T,0.0634232762005282,5,T
0,R SupFS A,0.1003307808076322,8,A
1,R SupFS A,,8,A
2,R SupFS A,0.1335075939482546,8,A
3,R SupFS A,0.0624002527004092,8,A
4,R SupFS A,0.1329532639106577,8,A
5,R SupFS A,0.0971986527113213,8,A
6,R SupFS A,0.0959075518838676,8,A
7,R SupFS A,0.061639868387168,8,A
8,R SupFS A,,8,A
9,R SupFS A,0.1191338393411262,8,A
0,L RG T,0.2046529453981279,7,T
1,L RG T,,7,T
2,L RG T,0.150992169262243,7,T
3,L RG T,,7,T
4,L RG T,0.2104089591135308,7,T
5,L RG T,0.1781302321008492,7,T
6,L RG T,0.1821650765464217,7,T
7,L RG T,,7,T
8,L RG T,0.1956761392920017,7,T
9,L RG T,0.2046714055072756,7,T
0,R VM V,0.4912076836070768,10,V
1,R VM V,0.3887428098643458,10,V
2,R VM V,0.3505236198930426,10,V
3,R VM V,0.4134375500376277,10,V
4,R VM V,0.4165742364844436,10,V
5,R VM V,0.4720215234819801,10,V
6,R VM V,0.3667475626789379,10,V
7,R VM V,0.3884282122099242,10,V
8,R VM V,0.4487069115434637,10,V
9,R VM V,0.3789230420665573,10,V
0,L PerCaS A,0.1088422414834103,9,A
1,L PerCaS A,0.1871880450886155,9,A
2,L PerCaS A,0.1327799928764362,9,A
3,L PerCaS A,0.1742516146081571,9,A
4,L PerCaS A,0.2287375173092509,9,A
5,L PerCaS A,0.1892834441801221,9,A
6,L PerCaS A,0.1574264328510692,9,A
7,L PerCaS A,0.1852105881322001,9,A
8,L PerCaS A,,9,A
9,L PerCaS A,0.1655494135525303,9,A
0,L PuI V,0.1396246720628292,6,V
1,L PuI V,,6,V
2,L PuI V,0.1223412360407302,6,V
3,L PuI V,0.1156148421488554,6,V
4,L PuI V,0.1355776729616234,6,V
5,L PuI V,,6,V
6,L PuI V,0.1356258281538181,6,V
7,L PuI V,,6,V
8,L PuI V,,6,V
9,L PuI V,0.1613074930539552,6,V
0,R L-Sg V,0.1560585361626989,7,V
1,R L-Sg V,0.1294133304661784,7,V
2,R L-Sg V,0.1482894444989297,7,V
3,R L-Sg V,0.1264163065903679,7,V
4,R L-Sg V,0.1314649203161164,7,V
5,R L-Sg V,0.0961495796227881,7,V
6,R L-Sg V,,7,V
7,R L-Sg V,0.1564878395249868,7,V
8,R L-Sg V,,7,V
9,R L-Sg V,,7,V
0,L TOS A,0.130706168349897,7,A
1,L TOS A,,7,A
2,L TOS A,0.1458798851973202,7,A
3,L TOS A,,7,A
4,L TOS A,,7,A
5,L TOS A,0.0917827644786413,7,A
6,L TOS A,0.1569238717078191,7,A
7,L TOS A,0.0901167093405672,7,A
8,L TOS A,0.1697430187577147,7,A
9,L TOS A,0.1498859957963511,7,A
0,R Cun T,0.3109376436048891,5,T
1,R Cun T,,5,T
2,R Cun T,0.2098540268218104,5,T
3,R Cun T,,5,T
4,R Cun T,,5,T
5,R Cun T,,5,T
6,R Cun T,,5,T
7,R Cun T,0.2797501253091283,5,T
8,R Cun T,0.2371129241852042,5,T
9,R Cun T,0.276403367945267,5,T
0,R PosCG A,,8,A
1,R PosCG A,0.1168111505455003,8,A
2,R PosCG A,0.1009710072310484,8,A
3,R PosCG A,0.0696042450240047,8,A
4,R PosCG A,0.0565120699482367,8,A
5,R PosCG A,0.109731818606763,8,A
6,R PosCG A,0.0941624879764112,8,A
7,R PosCG A,0.0788717990895555,8,A
8,R PosCG A,0.1212129365342661,8,A
9,R PosCG A,,8,A
0,R FuG A,,6,A
1,R FuG A,0.0219185670892459,6,A
2,R FuG A,0.039872997677488,6,A
3,R FuG A,,6,A
4,R FuG A,0.0376732098552644,6,A
5,R FuG A,0.0058481191709752,6,A
6,R FuG A,,6,A
7,R FuG A,0.0283798889641767,6,A
8,R FuG A,0.0224829451508891,6,A
9,R FuG A,,6,A
0,L VPL V,,6,V
1,L VPL V,0.1939079379709801,6,V
2,L VPL V,0.1623728245574481,6,V
3,L VPL V,0.228440685701597,6,V
4,L VPL V,0.231814063460381,6,V
5,L VPL V,,6,V
6,L VPL V,,6,V
7,L VPL V,0.2035576354190061,6,V
8,L VPL V,,6,V
9,L VPL V,0.2003728053308472,6,V
0,R CA3 Body V,,6,V
1,R CA3 Body V,0.1751741239019612,6,V
2,R CA3 Body V,,6,V
3,R CA3 Body V,0.17605074711902,6,V
4,R CA3 Body V,0.1977882526134461,6,V
5,R CA3 Body V,,6,V
6,R CA3 Body V,0.1875137556749565,6,V
7,R CA3 Body V,0.1306253638886575,6,V
8,R CA3 Body V,,6,V
9,R CA3 Body V,0.181861817466482,6,V
0,R MDm V,,5,V
1,R MDm V,,5,V
2,R MDm V,0.1628823319334232,5,V
3,R MDm V,,5,V
4,R MDm V,,5,V
5,R MDm V,0.183192451330787,5,V
6,R MDm V,,5,V
7,R MDm V,0.0946264560359442,5,V
8,R MDm V,0.1912069752112344,5,V
9,R MDm V,0.1312392154390893,5,V
0,L PerCaS T,,5,T
1,L PerCaS T,,5,T
2,L PerCaS T,,5,T
3,L PerCaS T,0.1306086427543848,5,T
4,L PerCaS T,0.1656141199872517,5,T
5,L PerCaS T,0.1497028510140735,5,T
6,L PerCaS T,0.0865246461298913,5,T
7,L PerCaS T,0.1010052959959264,5,T
8,L PerCaS T,,5,T
9,L PerCaS T,,5,T
